Statement,Header,Field Name,Field Value
Statement,Data,BrokerName,Interactive Brokers LLC
Statement,Data,BrokerAddress,"Two Pickwick Plaza, Greenwich, CT 06830"
Statement,Data,Title,Activity Statement
Statement,Data,Period,"January 1, 2026 - May 15, 2026"
Statement,Data,WhenGenerated,"2026-05-18, 12:21:01 EDT"
Account Information,Header,Field Name,Field Value
Account Information,Data,Name,Sample Investor
Account Information,Data,Account,U12345678
Account Information,Data,Account Type,Individual
Account Information,Data,Customer Type,Individual
Account Information,Data,Account Capabilities,Cash
Account Information,Data,Base Currency,USD
Net Asset Value,Header,Asset Class,Prior Total,Current Long,Current Short,Current Total,Change
Net Asset Value,Data,Cash ,24150.00,28500.00,0.00,28500.00,4350.00
Net Asset Value,Data,Stock,82100.00,102650.00,0.00,102650.00,20550.00
Net Asset Value,Data,Total,106250.00,131150.00,0.00,131150.00,24900.00
Net Asset Value,Header,Time Weighted Rate of Return
Net Asset Value,Data,12.84
Change in NAV,Header,Field Name,Field Value
Change in NAV,Data,Starting Value,106250.00
Change in NAV,Data,Mark-to-Market,13980.50
Change in NAV,Data,Deposits & Withdrawals,5000.00
Change in NAV,Data,Grant Activity,0.00
Change in NAV,Data,Dividends,482.30
Change in NAV,Data,Withholding Tax,-72.35
Change in NAV,Data,Interest,168.90
Change in NAV,Data,Other Fees,-18.00
Change in NAV,Data,Commissions,-126.45
Change in NAV,Data,Ending Value,125664.90
Mark-to-Market Performance Summary,Header,Asset Category,Symbol,Prior Quantity,Current Quantity,Prior Price,Current Price,Mark-to-Market P/L Position,Mark-to-Market P/L Transaction,Mark-to-Market P/L Commissions,Mark-to-Market P/L Other,Mark-to-Market P/L Total,Code
Mark-to-Market Performance Summary,Data,Stocks,AVGO,15,0,252.40,252.40,0.00,147.10,-2.25,0.00,144.85,
Mark-to-Market Performance Summary,Data,Stocks,BABA,50,50,114.95,123.60,432.60,-64.92,-3.25,0.00,364.42,
Mark-to-Market Performance Summary,Data,Stocks,COST,5,0,919.79,978.50,0.00,213.50,-4.25,0.00,209.25,
Mark-to-Market Performance Summary,Data,Stocks,CRCL,90,80,97.19,102.30,409.20,118.39,-5.25,0.00,522.34,
Mark-to-Market Performance Summary,Data,Stocks,IBKR,135,120,171.07,178.20,855.36,0.00,-1.25,0.00,854.11,
Mark-to-Market Performance Summary,Data,Stocks,INTU,10,10,629.43,648.90,194.67,-25.34,-2.25,0.00,167.08,
Mark-to-Market Performance Summary,Data,Stocks,MSFT,40,35,462.90,472.35,330.64,311.57,-3.25,0.00,638.96,
Mark-to-Market Performance Summary,Data,Stocks,NFLX,18,8,1168.65,1180.45,94.44,110.51,-4.25,0.00,200.70,
Mark-to-Market Performance Summary,Data,Stocks,NVDA,195,180,135.75,135.75,0.00,434.17,-5.25,0.00,428.92,
Mark-to-Market Performance Summary,Data,Stocks,ORCL,60,60,148.99,160.20,672.84,73.55,-1.25,0.00,745.14,
Mark-to-Market Performance Summary,Data,Stocks,SGOV,5,0,94.39,100.42,0.00,6.54,-2.25,0.00,4.29,
Mark-to-Market Performance Summary,Data,Stocks,TEM,85,75,52.06,54.80,205.50,-50.82,-3.25,0.00,151.43,
Mark-to-Market Performance Summary,Data,Stocks,UBER,105,90,82.94,86.40,311.04,133.12,-4.25,0.00,439.91,
Mark-to-Market Performance Summary,Data,Total,,,,,,294.00,294.00,294.00,294.00,294.00,
Mark-to-Market Performance Summary,Data,Forex,HKD,5,0,0.13,0.13,0.00,-9.27,-1.25,0.00,-10.52,
Mark-to-Market Performance Summary,Data,Forex,USD,10,0,0.99,1.00,0.00,0.00,-2.25,0.00,-2.25,
Mark-to-Market Performance Summary,Data,Total,,,,,,297.00,297.00,297.00,297.00,297.00,
Mark-to-Market Performance Summary,Data,Total (All Assets),,,,,,298.00,298.00,298.00,298.00,298.00,
Mark-to-Market Performance Summary,Data,Broker Interest Paid and Received,,,,,,299.00,299.00,299.00,299.00,299.00,
Mark-to-Market Performance Summary,Data,Other Fees,,,,,,300.00,300.00,300.00,300.00,300.00,
Total P/L for Statement Period,,,,,,,,,,,,877.00,
Realized & Unrealized Performance Summary,Header,Asset Category,Symbol,Cost Adj.,Realized S/T Profit,Realized S/T Loss,Realized L/T Profit,Realized L/T Loss,Realized Total,Unrealized S/T Profit,Unrealized S/T Loss,Unrealized L/T Profit,Unrealized L/T Loss,Unrealized Total,Total,Code
Realized & Unrealized Performance Summary,Data,Stocks,AVGO,0.00,420.30,0.00,0.00,0.00,420.30,0.00,0.00,0.00,0.00,0.00,420.30,
Realized & Unrealized Performance Summary,Data,Stocks,BABA,0.00,0.00,-185.50,0.00,0.00,-185.50,185.40,0.00,0.00,0.00,185.40,-0.10,
Realized & Unrealized Performance Summary,Data,Stocks,COST,0.00,610.00,0.00,0.00,0.00,610.00,0.00,0.00,0.00,0.00,0.00,610.00,
Realized & Unrealized Performance Summary,Data,Stocks,CRCL,0.00,338.25,0.00,0.00,0.00,338.25,0.00,-163.68,0.00,0.00,-163.68,174.57,
Realized & Unrealized Performance Summary,Data,Stocks,IBKR,0.00,0.00,0.00,0.00,0.00,0.00,0.00,0.00,0.00,0.00,0.00,0.00,
Realized & Unrealized Performance Summary,Data,Stocks,INTU,0.00,0.00,-72.40,0.00,0.00,-72.40,0.00,0.00,0.00,0.00,0.00,-72.40,
Realized & Unrealized Performance Summary,Data,Stocks,MSFT,0.00,890.20,0.00,0.00,0.00,890.20,165.32,0.00,0.00,0.00,165.32,1055.52,
Realized & Unrealized Performance Summary,Data,Stocks,NFLX,0.00,315.75,0.00,0.00,0.00,315.75,188.87,0.00,0.00,0.00,188.87,504.62,
Realized & Unrealized Performance Summary,Data,Stocks,NVDA,0.00,1240.50,0.00,0.00,0.00,1240.50,733.05,0.00,0.00,0.00,733.05,1973.55,
Realized & Unrealized Performance Summary,Data,Stocks,ORCL,0.00,210.15,0.00,0.00,0.00,210.15,384.48,0.00,0.00,0.00,384.48,594.63,
Realized & Unrealized Performance Summary,Data,Stocks,SGOV,0.00,18.70,0.00,0.00,0.00,18.70,-0.00,-0.00,0.00,0.00,-0.00,18.70,
Realized & Unrealized Performance Summary,Data,Stocks,TEM,0.00,0.00,-145.20,0.00,0.00,-145.20,0.00,-41.10,0.00,0.00,-41.10,-186.30,
Realized & Unrealized Performance Summary,Data,Stocks,UBER,0.00,380.35,0.00,0.00,0.00,380.35,0.00,0.00,0.00,0.00,0.00,380.35,
Realized & Unrealized Performance Summary,Data,Total,,0.00,0.00,0.00,0.00,0.00,4072.85,0.00,0.00,0.00,0.00,11450.20,15523.05,
Realized & Unrealized Performance Summary,Data,Forex,HKD,0.00,0.00,-26.50,0.00,0.00,-26.50,0.00,0.00,0.00,0.00,0.00,-26.50,
Realized & Unrealized Performance Summary,Data,Total,,0.00,0.00,0.00,0.00,0.00,4072.85,0.00,0.00,0.00,0.00,11450.20,15523.05,
Realized & Unrealized Performance Summary,Data,Total (All Assets),,0.00,0.00,0.00,0.00,0.00,4072.85,0.00,0.00,0.00,0.00,11450.20,15523.05,
Cash Report,Header,Currency Summary,Currency,Total,Securities,Futures,
Cash Report,Data,Starting Cash,Base Currency Summary,2473.00,2273.00,1967.00,
Cash Report,Data,Commissions,Base Currency Summary,2490.00,2290.00,1984.00,
Cash Report,Data,Deposits,Base Currency Summary,2507.00,2307.00,2001.00,
Cash Report,Data,Dividends,Base Currency Summary,2524.00,2324.00,2018.00,
Cash Report,Data,Broker Interest Paid and Received,Base Currency Summary,2541.00,2341.00,2035.00,
Cash Report,Data,Trades (Sales),Base Currency Summary,2558.00,2358.00,2052.00,
Cash Report,Data,Trades (Purchase),Base Currency Summary,2575.00,2375.00,2069.00,
Cash Report,Data,Other Fees,Base Currency Summary,2592.00,2392.00,2086.00,
Cash Report,Data,Payment In Lieu of Dividends,Base Currency Summary,2609.00,2409.00,2103.00,
Cash Report,Data,Withholding Tax,Base Currency Summary,2626.00,2426.00,2120.00,
Cash Report,Data,Cash FX Translation Gain/Loss,Base Currency Summary,2643.00,2443.00,2137.00,
Cash Report,Data,Ending Cash,Base Currency Summary,2660.00,2460.00,2154.00,
Cash Report,Data,Ending Settled Cash,Base Currency Summary,2677.00,2477.00,2171.00,
Cash Report,Data,Starting Cash,HKD,2694.00,2494.00,2188.00,
Cash Report,Data,Deposits,HKD,2711.00,2511.00,2205.00,
Cash Report,Data,Trades (Purchase),HKD,2728.00,2528.00,2222.00,
Cash Report,Data,Ending Cash,HKD,2745.00,2545.00,2239.00,
Cash Report,Data,Ending Settled Cash,HKD,2762.00,2562.00,2256.00,
Cash Report,Data,Starting Cash,USD,2779.00,2579.00,2273.00,
Cash Report,Data,Commissions,USD,2796.00,2596.00,2290.00,
Cash Report,Data,Deposits,USD,2813.00,2613.00,2307.00,
Cash Report,Data,Dividends,USD,2830.00,2630.00,2324.00,
Cash Report,Data,Broker Interest Paid and Received,USD,2847.00,2647.00,2341.00,
Cash Report,Data,Trades (Sales),USD,2864.00,2664.00,2358.00,
Cash Report,Data,Trades (Purchase),USD,2881.00,2681.00,2375.00,
Cash Report,Data,Other Fees,USD,2898.00,2698.00,2392.00,
Cash Report,Data,Payment In Lieu of Dividends,USD,2915.00,2715.00,2409.00,
Cash Report,Data,Withholding Tax,USD,2932.00,2732.00,2426.00,
Cash Report,Data,Ending Cash,USD,2949.00,2749.00,2443.00,
Cash Report,Data,Ending Settled Cash,USD,2966.00,2766.00,2460.00,
Open Positions,Header,DataDiscriminator,Asset Category,Currency,Symbol,Open,Quantity,Mult,Cost Price,Cost Basis,Close Price,Value,Unrealized P/L,Code
Open Positions,Data,Summary,Stocks,USD,BABA,-,50,1,118.66,5932.80,123.60,6180.00,247.20,
Open Positions,Data,Summary,Stocks,USD,CRCL,-,80,1,92.07,7365.60,102.30,8184.00,818.40,
Open Positions,Data,Summary,Stocks,USD,IBKR,-,120,1,167.51,20100.96,178.20,21384.00,1283.04,
Open Positions,Data,Lot,Stocks,USD,IBKR,2026-04-01 (Vesting: 2026-05-15),20,,160.38,3207.60,178.20,3564.00,356.40,Un;ST
Open Positions,Data,Summary,Stocks,USD,INTU,-,10,1,648.90,6489.00,648.90,6489.00,0.00,
Open Positions,Data,Summary,Stocks,USD,MSFT,-,35,1,444.01,15540.32,472.35,16532.25,991.93,
Open Positions,Data,Summary,Stocks,USD,NFLX,-,8,1,1086.01,8688.11,1180.45,9443.60,755.49,
Open Positions,Data,Summary,Stocks,USD,NVDA,-,180,1,128.96,23213.25,135.75,24435.00,1221.75,
Open Positions,Data,Summary,Stocks,USD,ORCL,-,60,1,163.40,9804.24,160.20,9612.00,-192.24,
Open Positions,Data,Summary,Stocks,USD,TEM,-,75,1,54.80,4110.00,54.80,4110.00,0.00,
Open Positions,Data,Summary,Stocks,USD,UBER,-,90,1,86.40,7776.00,86.40,7776.00,0.00,
Open Positions,Total,,Stocks,USD,,,,,,109020.28,,114145.85,5125.57,
Forex Balances,Header,Asset Category,Currency,Description,Quantity,Cost Price,Cost Basis in USD,Close Price,Value in USD,Unrealized P/L in USD,Code
Forex Balances,Data,Forex,USD,HKD,33,77.50,4159.00,108.50,3729.00,-172.75,
Forex Balances,Data,Forex,USD,USD,50,83.17,4176.00,114.17,3746.00,189.75,
Forex Balances,Data,Total,,,,,4193.00,,3763.00,206.75,
Net Stock Position Summary,Header,Asset Category,Currency,Symbol,Description,Shares at IB,Shares Borrowed,Shares Lent,Net Shares
Net Stock Position Summary,Data,Stocks,USD,BABA,ALIBABA GROUP HOLDING-SP ADR,3325.00,3777.00,3344.00,3236.00
Net Stock Position Summary,Data,Stocks,USD,CRCL,CIRCLE INTERNET GROUP INC,3372.00,3824.00,3391.00,3283.00
Net Stock Position Summary,Data,Stocks,USD,IBKR,INTERACTIVE BROKERS GRO-CL A,3393.00,3845.00,3412.00,3304.00
Net Stock Position Summary,Data,Stocks,USD,INTU,INTUIT INC,3434.00,3886.00,3453.00,3345.00
Net Stock Position Summary,Data,Stocks,USD,MSFT,MICROSOFT CORP,3445.00,3897.00,3464.00,3356.00
Net Stock Position Summary,Data,Stocks,USD,NFLX,NETFLIX INC,3460.00,3912.00,3479.00,3371.00
Net Stock Position Summary,Data,Stocks,USD,NVDA,NVIDIA CORP,3462.00,3914.00,3481.00,3373.00
Net Stock Position Summary,Data,Stocks,USD,ORCL,ORACLE CORP,3486.00,3938.00,3505.00,3397.00
Net Stock Position Summary,Data,Stocks,USD,TEM,TEMPUS AI INC-CL A,3429.00,3881.00,3448.00,3340.00
Net Stock Position Summary,Data,Stocks,USD,UBER,UBER TECHNOLOGIES INC,3518.00,3970.00,3537.00,3429.00
Trades,Header,DataDiscriminator,Asset Category,Currency,Symbol,Date/Time,Quantity,T. Price,C. Price,Proceeds,Comm/Fee,Basis,Realized P/L,MTM P/L,Code
Trades,Data,Order,Stocks,USD,AVGO,"2026-01-06, 09:52:00",-4,239.78,252.40,959.12,-0.35,920.76,30.29,-50.48,C;FP
Trades,SubTotal,,Stocks,USD,AVGO,,66,,,4099.00,-3.35,3776.00,1203.75,625.75,
Trades,Data,Order,Stocks,USD,BABA,"2026-01-09, 10:09:00",4,118.66,123.60,-474.62,-0.35,474.62,0.00,19.78,O;RP
Trades,Data,Order,Stocks,USD,BABA,"2026-01-12, 10:26:00",5,119.89,123.60,-599.46,-0.35,599.46,0.00,18.54,O;RP
Trades,Data,Order,Stocks,USD,BABA,"2026-01-15, 10:43:00",-7,121.13,123.60,847.90,-0.35,813.98,51.91,-17.30,C;FP
Trades,Data,Order,Stocks,USD,BABA,"2026-01-19, 11:00:00",-8,122.36,123.60,978.91,-0.35,939.76,69.22,-9.89,C;FP
Trades,Data,Order,Stocks,USD,BABA,"2026-01-21, 11:17:00",8,123.60,123.60,-988.80,-0.35,988.80,0.00,0.00,O;RP
Trades,Data,Order,Stocks,USD,BABA,"2026-01-26, 11:34:00",9,124.84,123.60,-1123.52,-0.35,1123.52,0.00,-11.12,FP;O
Trades,Data,Order,Stocks,USD,BABA,"2026-01-27, 11:51:00",2,126.07,123.60,-252.14,-0.35,252.14,0.00,-4.94,O;RP
Trades,Data,Order,Stocks,USD,BABA,"2026-01-30, 12:08:00",3,127.31,123.60,-381.92,-0.35,381.92,0.00,-11.12,FP;O
Trades,Data,Order,Stocks,USD,BABA,"2026-02-02, 12:25:00",4,128.54,123.60,-514.18,-0.35,514.18,0.00,-19.78,O
Trades,Data,Order,Stocks,USD,BABA,"2026-02-05, 12:42:00",5,129.78,123.60,-648.90,-0.35,648.90,0.00,-30.90,IM;O;P
Trades,SubTotal,,Stocks,USD,BABA,,34,,,4247.00,-7.35,3924.00,151.75,773.75,
Trades,Data,Order,Stocks,USD,COST,"2026-02-09, 12:59:00",-8,1037.21,978.50,8297.68,-0.35,7965.77,1095.92,469.68,C;FP
Trades,SubTotal,,Stocks,USD,COST,,29,,,4332.00,-2.35,4009.00,-236.75,858.75,
Trades,Data,Order,Stocks,USD,CRCL,"2026-02-11, 13:16:00",7,96.16,102.30,-673.13,-0.35,673.13,0.00,42.97,FPA;IM;O;P
Trades,Data,Order,Stocks,USD,CRCL,"2026-02-16, 13:33:00",8,97.18,102.30,-777.48,-0.35,777.48,0.00,40.92,O
Trades,Data,Order,Stocks,USD,CRCL,"2026-02-17, 13:50:00",9,98.21,102.30,-883.87,-0.35,883.87,0.00,36.83,FP;O
Trades,Data,Order,Stocks,USD,CRCL,"2026-02-20, 14:07:00",-5,99.23,102.30,496.15,-0.35,476.31,25.57,-15.35,C
Trades,Data,Order,Stocks,USD,CRCL,"2026-02-23, 14:24:00",-6,100.25,102.30,601.52,-0.35,577.46,36.83,-12.28,C;FP
Trades,Data,Order,Stocks,USD,CRCL,"2026-02-26, 14:41:00",-7,101.28,102.30,708.94,-0.35,680.58,50.13,-7.16,C
Trades,SubTotal,,Stocks,USD,CRCL,,37,,,4430.00,-10.35,4107.00,334.75,-956.75,
Trades,Data,Order,Stocks,USD,INTU,"2026-03-02, 14:58:00",5,648.90,648.90,-3244.50,-0.35,3244.50,0.00,0.00,FP;O
Trades,Data,Order,Stocks,USD,INTU,"2026-03-04, 15:15:00",6,655.39,648.90,-3932.33,-0.35,3932.33,0.00,-38.93,FP;O
Trades,Data,Order,Stocks,USD,INTU,"2026-03-09, 15:32:00",-3,661.88,648.90,1985.63,-0.35,1906.21,194.67,38.93,C;FP
Trades,Data,Order,Stocks,USD,INTU,"2026-03-10, 09:49:00",-4,668.37,648.90,2673.47,-0.35,2566.53,285.52,77.87,C;FP
Trades,Data,Order,Stocks,USD,INTU,"2026-03-13, 10:06:00",9,674.86,648.90,-6073.70,-0.35,6073.70,0.00,-233.60,FP;O
Trades,Data,Order,Stocks,USD,INTU,"2026-03-16, 10:23:00",2,681.35,648.90,-1362.69,-0.35,1362.69,0.00,-64.89,FP;O
Trades,Data,Order,Stocks,USD,INTU,"2026-03-19, 10:40:00",3,687.83,648.90,-2063.50,-0.35,2063.50,0.00,-116.80,FP;O
Trades,SubTotal,,Stocks,USD,INTU,,21,,,4594.00,-12.35,4271.00,498.75,-1120.75,
Trades,Data,Order,Stocks,USD,MSFT,"2026-03-23, 10:57:00",4,444.01,472.35,-1776.04,-0.35,1776.04,0.00,113.36,O;RP
Trades,Data,Order,Stocks,USD,MSFT,"2026-03-25, 11:14:00",5,448.73,472.35,-2243.66,-0.35,2243.66,0.00,118.09,O;RP
Trades,Data,Order,Stocks,USD,MSFT,"2026-03-30, 11:31:00",6,453.46,472.35,-2720.74,-0.35,2720.74,0.00,113.36,FP;O
Trades,Data,Order,Stocks,USD,MSFT,"2026-03-31, 11:48:00",7,458.18,472.35,-3207.26,-0.35,3207.26,0.00,99.19,O;RP
Trades,Data,Order,Stocks,USD,MSFT,"2026-04-03, 12:05:00",8,462.90,472.35,-3703.22,-0.35,3703.22,0.00,75.58,FP;O
Trades,Data,Order,Stocks,USD,MSFT,"2026-04-06, 12:22:00",9,467.63,472.35,-4208.64,-0.35,4208.64,0.00,42.51,FP;O
Trades,Data,Order,Stocks,USD,MSFT,"2026-04-09, 12:39:00",2,472.35,472.35,-944.70,-0.35,944.70,0.00,0.00,FP;O
Trades,Data,Order,Stocks,USD,MSFT,"2026-04-13, 12:56:00",3,477.07,472.35,-1431.22,-0.35,1431.22,0.00,-14.17,O
Trades,Data,Order,Stocks,USD,MSFT,"2026-04-15, 13:13:00",4,481.80,472.35,-1927.19,-0.35,1927.19,0.00,-37.79,O
Trades,SubTotal,,Stocks,USD,MSFT,,5,,,4758.00,-14.35,4435.00,662.75,-84.75,
Trades,Data,Order,Stocks,USD,NFLX,"2026-04-20, 13:30:00",5,1215.86,1180.45,-6079.32,-0.35,6079.32,0.00,-177.07,O
Trades,Data,Order,Stocks,USD,NFLX,"2026-04-21, 13:47:00",6,1227.67,1180.45,-7366.01,-0.35,7366.01,0.00,-283.31,O
Trades,Data,Order,Stocks,USD,NFLX,"2026-04-24, 14:04:00",-5,1239.47,1180.45,6197.36,-0.35,5949.47,767.29,295.11,C
Trades,Data,Order,Stocks,USD,NFLX,"2026-04-27, 14:21:00",-6,1251.28,1180.45,7507.66,-0.35,7207.36,991.58,424.96,C
Trades,Data,Order,Stocks,USD,NFLX,"2026-04-30, 14:38:00",9,1109.62,1180.45,-9986.61,-0.35,9986.61,0.00,637.44,O
Trades,SubTotal,,Stocks,USD,NFLX,,15,,,4858.00,-6.35,4535.00,762.75,-184.75,
Trades,Data,Order,Stocks,USD,NVDA,"2026-05-04, 14:55:00",2,128.96,135.75,-257.93,-0.35,257.93,0.00,13.57,O
Trades,Data,Order,Stocks,USD,NVDA,"2026-05-06, 15:12:00",-9,130.32,135.75,1172.88,-0.35,1125.96,48.87,-48.87,C;FP
Trades,SubTotal,,Stocks,USD,NVDA,,51,,,4894.00,-6.35,4571.00,798.75,-220.75,
Trades,Data,Order,Stocks,USD,ORCL,"2026-05-11, 15:29:00",4,155.39,160.20,-621.58,-0.35,621.58,0.00,19.22,O;RP
Trades,Data,Order,Stocks,USD,ORCL,"2026-05-12, 09:46:00",5,157.00,160.20,-784.98,-0.35,784.98,0.00,16.02,O;RP
Trades,Data,Order,Stocks,USD,ORCL,"2026-05-15, 10:03:00",6,158.60,160.20,-951.59,-0.35,951.59,0.00,9.61,FP;O
Trades,Data,Order,Stocks,USD,ORCL,"2026-01-05, 10:20:00",7,160.20,160.20,-1121.40,-0.35,1121.40,0.00,0.00,O
Trades,Data,Order,Stocks,USD,ORCL,"2026-01-08, 10:37:00",8,161.80,160.20,-1294.42,-0.35,1294.42,0.00,-12.82,O
Trades,SubTotal,,Stocks,USD,ORCL,,70,,,5003.00,-7.35,4680.00,907.75,329.75,
Trades,Data,Order,Stocks,USD,SGOV,"2026-01-12, 10:54:00",-8,102.43,100.42,819.43,-0.35,786.65,80.34,16.07,C
Trades,Data,Order,Stocks,USD,SGOV,"2026-01-14, 11:11:00",-9,103.43,100.42,930.89,-0.35,893.66,99.42,27.11,C;IA
Trades,Data,Order,Stocks,USD,SGOV,"2026-01-19, 11:28:00",-3,104.44,100.42,313.31,-0.35,300.78,36.15,12.05,C;FP
Trades,SubTotal,,Stocks,USD,SGOV,,63,,,5086.00,-0.35,4763.00,990.75,-412.75,
Trades,Data,Order,Stocks,USD,TEM,"2026-01-20, 11:45:00",4,57.54,54.80,-230.16,-0.35,230.16,0.00,-10.96,O
Trades,Data,Order,Stocks,USD,TEM,"2026-01-23, 12:02:00",5,58.09,54.80,-290.44,-0.35,290.44,0.00,-16.44,O
Trades,SubTotal,,Stocks,USD,TEM,,25,,,5048.00,-16.35,4725.00,-952.75,374.75,
Trades,Data,Order,Stocks,USD,UBER,"2026-01-26, 12:19:00",6,81.22,86.40,-487.30,-0.35,487.30,0.00,31.10,FPA;O;P
Trades,Data,Order,Stocks,USD,UBER,"2026-01-29, 12:36:00",7,82.08,86.40,-574.56,-0.35,574.56,0.00,30.24,O
Trades,SubTotal,,Stocks,USD,UBER,,58,,,5171.00,-13.35,4848.00,1075.75,497.75,
Trades,Total,,Stocks,USD,,,,,,4886.00,-16.35,4563.00,790.75,-212.75, 
Trades,Header,DataDiscriminator,Asset Category,Currency,Symbol,Date/Time,Quantity,T. Price,,Proceeds,Comm in USD,,,MTM in USD,Code
Trades,Data,Order,Forex,HKD,USD.HKD,"2026-02-02, 12:53:00",1750,7.73,,-226.24,-0.35,,,-2.10,AFx
Trades,Data,Order,Forex,HKD,USD.HKD,"2026-02-04, 13:10:00",2000,7.75,,-258.06,-0.35,,,0.00,
Trades,Data,Order,Forex,HKD,USD.HKD,"2026-02-09, 13:27:00",2250,7.76,,-289.76,-0.35,,,2.10,AFx
Trades,Data,Order,Forex,HKD,USD.HKD,"2026-02-10, 13:44:00",2500,7.78,,-321.34,-0.35,,,4.20,
Trades,Data,Order,Forex,HKD,USD.HKD,"2026-02-13, 14:01:00",2750,7.79,,-352.79,-0.35,,,-4.20,AFx
Trades,Data,Order,Forex,HKD,USD.HKD,"2026-02-16, 14:18:00",3000,7.81,,-384.12,-0.35,,,-2.10,
Trades,Data,Order,Forex,HKD,USD.HKD,"2026-02-19, 14:35:00",3250,7.83,,-415.34,-0.35,,,0.00,AFx
Trades,Data,Order,Forex,HKD,USD.HKD,"2026-02-23, 14:52:00",3500,7.84,,-446.43,-0.35,,,2.10,
Trades,Data,Order,Forex,HKD,USD.HKD,"2026-02-25, 15:09:00",1500,7.85,,-190.96,-0.35,,,4.20,AFx
Trades,Data,Order,Forex,HKD,USD.HKD,"2026-03-02, 15:26:00",1750,7.87,,-222.36,-0.35,,,-4.20,
Trades,Data,Order,Forex,HKD,USD.HKD,"2026-03-03, 09:43:00",2000,7.72,,-259.07,-0.35,,,-2.10,AFx
Trades,Data,Order,Forex,HKD,USD.HKD,"2026-03-06, 10:00:00",2250,7.73,,-290.89,-0.35,,,0.00,AFx
Trades,Data,Order,Forex,HKD,USD.HKD,"2026-03-09, 10:17:00",2500,7.75,,-322.58,-0.35,,,2.10,AFx
Trades,Data,Order,Forex,HKD,USD.HKD,"2026-03-12, 10:34:00",2750,7.76,,-354.15,-0.35,,,4.20,AFx
Trades,Data,Order,Forex,HKD,USD.HKD,"2026-03-16, 10:51:00",3000,7.78,,-385.60,-0.35,,,-4.20,
Trades,Data,Order,Forex,HKD,USD.HKD,"2026-03-18, 11:08:00",3250,7.79,,-416.93,-0.35,,,-2.10,
Trades,Data,Order,Forex,HKD,USD.HKD,"2026-03-23, 11:25:00",3500,7.81,,-448.14,-0.35,,,0.00,AFx
Trades,Data,Order,Forex,HKD,USD.HKD,"2026-03-24, 11:42:00",1500,7.83,,-191.69,-0.35,,,2.10,
Trades,Data,Order,Forex,HKD,USD.HKD,"2026-03-27, 11:59:00",1750,7.84,,-223.21,-0.35,,,4.20,AFx
Trades,Data,Order,Forex,HKD,USD.HKD,"2026-03-30, 12:16:00",2000,7.85,,-254.61,-0.35,,,-4.20,AFx
Trades,Data,Order,Forex,HKD,USD.HKD,"2026-04-02, 12:33:00",2250,7.87,,-285.90,-0.35,,,-2.10,
Trades,Data,Order,Forex,HKD,USD.HKD,"2026-04-06, 12:50:00",2500,7.72,,-323.83,-0.35,,,0.00,
Trades,Data,Order,Forex,HKD,USD.HKD,"2026-04-08, 13:07:00",2750,7.73,,-355.53,-0.35,,,2.10,
Trades,Data,Order,Forex,HKD,USD.HKD,"2026-04-13, 13:24:00",3000,7.75,,-387.10,-0.35,,,4.20,AFx
Trades,Data,Order,Forex,HKD,USD.HKD,"2026-04-14, 13:41:00",3250,7.76,,-418.54,-0.35,,,-4.20,
Trades,Data,Order,Forex,HKD,USD.HKD,"2026-04-17, 13:58:00",3500,7.78,,-449.87,-0.35,,,-2.10,AFx
Trades,Data,Order,Forex,HKD,USD.HKD,"2026-04-20, 14:15:00",1500,7.79,,-192.43,-0.35,,,0.00,
Trades,Data,Order,Forex,HKD,USD.HKD,"2026-04-23, 14:32:00",1750,7.81,,-224.07,-0.35,,,2.10,AFx
Trades,Data,Order,Forex,HKD,USD.HKD,"2026-04-27, 14:49:00",2000,7.83,,-255.59,-0.35,,,4.20,
Trades,Data,Order,Forex,HKD,USD.HKD,"2026-04-29, 15:06:00",2250,7.84,,-286.99,-0.35,,,-4.20,AFx;P
Trades,Data,Order,Forex,HKD,USD.HKD,"2026-05-04, 15:23:00",2500,7.85,,-318.27,-0.35,,,-2.10,AFx
Trades,Data,Order,Forex,HKD,USD.HKD,"2026-05-05, 09:40:00",2750,7.87,,-349.43,-0.35,,,0.00,
Trades,Data,Order,Forex,HKD,USD.HKD,"2026-05-08, 09:57:00",3000,7.72,,-388.60,-0.35,,,2.10,
Trades,Data,Order,Forex,HKD,USD.HKD,"2026-05-11, 10:14:00",3250,7.73,,-420.17,-0.35,,,4.20,AFx
Trades,Data,Order,Forex,HKD,USD.HKD,"2026-05-14, 10:31:00",3500,7.75,,-451.61,-0.35,,,-4.20,AFx
Trades,Data,Order,Forex,HKD,USD.HKD,"2026-01-05, 10:48:00",1500,7.76,,-193.17,-0.35,,,-2.10,AFx
Trades,Data,Order,Forex,HKD,USD.HKD,"2026-01-07, 11:05:00",1750,7.78,,-224.94,-0.35,,,0.00,AFx
Trades,Data,Order,Forex,HKD,USD.HKD,"2026-01-12, 11:22:00",2000,7.79,,-256.57,-0.35,,,2.10,
Trades,Data,Order,Forex,HKD,USD.HKD,"2026-01-13, 11:39:00",2250,7.81,,-288.09,-0.35,,,4.20,AFx
Trades,Data,Order,Forex,HKD,USD.HKD,"2026-01-16, 11:56:00",2500,7.83,,-319.49,-0.35,,,-4.20,AFx
Trades,Data,Order,Forex,HKD,USD.HKD,"2026-01-19, 12:13:00",2750,7.84,,-350.77,-0.35,,,-2.10,AFx
Trades,Data,Order,Forex,HKD,USD.HKD,"2026-01-22, 12:30:00",3000,7.85,,-381.92,-0.35,,,0.00,AFx
Trades,Data,Order,Forex,HKD,USD.HKD,"2026-01-26, 12:47:00",3250,7.87,,-412.96,-0.35,,,2.10,
Trades,Data,Order,Forex,HKD,USD.HKD,"2026-01-28, 13:04:00",3500,7.72,,-453.37,-0.35,,,4.20,AFx
Trades,Data,Order,Forex,HKD,USD.HKD,"2026-02-02, 13:21:00",1500,7.73,,-193.92,-0.35,,,-4.20,AFx
Trades,Data,Order,Forex,HKD,USD.HKD,"2026-02-03, 13:38:00",1750,7.75,,-225.81,-0.35,,,-2.10,AFx
Trades,Data,Order,Forex,HKD,USD.HKD,"2026-02-06, 13:55:00",2000,7.76,,-257.57,-0.35,,,0.00,
Trades,Data,Order,Forex,HKD,USD.HKD,"2026-02-09, 14:12:00",2250,7.78,,-289.20,-0.35,,,2.10,AFx
Trades,Data,Order,Forex,HKD,USD.HKD,"2026-02-12, 14:29:00",2500,7.79,,-320.72,-0.35,,,4.20,AFx
Trades,Data,Order,Forex,HKD,USD.HKD,"2026-02-16, 14:46:00",2750,7.81,,-352.11,-0.35,,,-4.20,AFx
Trades,Data,Order,Forex,HKD,USD.HKD,"2026-02-18, 15:03:00",3000,7.83,,-383.39,-0.35,,,-2.10,
Trades,Data,Order,Forex,HKD,USD.HKD,"2026-02-23, 15:20:00",3250,7.84,,-414.54,-0.35,,,0.00,AFx
Trades,Data,Order,Forex,HKD,USD.HKD,"2026-02-24, 09:37:00",3500,7.85,,-445.58,-0.35,,,2.10,AFx
Trades,Data,Order,Forex,HKD,USD.HKD,"2026-02-27, 09:54:00",1500,7.87,,-190.60,-0.35,,,4.20,
Trades,Data,Order,Forex,HKD,USD.HKD,"2026-03-02, 10:11:00",1750,7.72,,-226.68,-0.35,,,-4.20,AFx
Trades,Data,Order,Forex,HKD,USD.HKD,"2026-03-05, 10:28:00",2000,7.73,,-258.56,-0.35,,,-2.10,
Trades,SubTotal,,Forex,HKD,USD.HKD,,86,,,6369.00,-3.35,,,561.00,
Trades,Total,,Forex,HKD,,,,,,5889.00,-9.35,,,81.00, 
Trades,Total,,Forex,USD,,,,,,5906.00,-8.35,,,98.00, 
Grant Activity,Header,Symbol,Report Date,Description,Award Date,Vesting Date,Quantity,Price,Value
Grant Activity,Data,IBKR,"2026-04-20, 10:24:00",Stock Award Grant for Cash Deposit,"2026-04-20, 10:24:00","2026-04-20, 10:24:00",43,233.83,5924.00
Grant Activity,Data,IBKR,"2026-04-22, 10:41:00",Stock Award Grant for Cash Deposit,"2026-04-22, 10:41:00","2026-04-22, 10:41:00",60,239.50,5941.00
Grant Activity,Data,IBKR,"2026-04-27, 10:58:00",Stock Award Grant for Cash Deposit,"2026-04-27, 10:58:00","2026-04-27, 10:58:00",77,245.17,5958.00
Grant Activity,Data,IBKR,"2026-04-28, 11:15:00",Stock Award Grant for Cash Deposit,"2026-04-28, 11:15:00","2026-04-28, 11:15:00",94,250.83,5975.00
Grant Activity,Data,IBKR,"2026-05-01, 11:32:00",Stock Award Grant for Cash Deposit,"2026-05-01, 11:32:00","2026-05-01, 11:32:00",21,256.50,5992.00
Grant Activity,Data,IBKR,"2026-05-04, 11:49:00",Stock Award Grant for Cash Deposit,"2026-05-04, 11:49:00","2026-05-04, 11:49:00",38,262.17,6009.00
Grant Activity,Data,Total,,,,,5,,6246.00
Deposits & Withdrawals,Header,Currency,Settle Date,Description,Amount
Deposits & Withdrawals,Data,HKD,"2026-05-13, 12:40:00",Electronic Fund Transfer,143.00
Deposits & Withdrawals,Data,HKD,"2026-01-05, 12:57:00",Electronic Fund Transfer,160.00
Deposits & Withdrawals,Data,HKD,"2026-01-06, 13:14:00",Electronic Fund Transfer,177.00
Deposits & Withdrawals,Data,HKD,"2026-01-09, 13:31:00",Electronic Fund Transfer,194.00
Deposits & Withdrawals,Data,HKD,"2026-01-12, 13:48:00",Electronic Fund Transfer,211.00
Deposits & Withdrawals,Data,Total,,,228.00
Deposits & Withdrawals,Data,Total in USD,,,245.00
Deposits & Withdrawals,Data,USD,"2026-01-21, 14:39:00",Electronic Fund Transfer,262.00
Deposits & Withdrawals,Data,USD,"2026-01-26, 14:56:00",Electronic Fund Transfer,279.00
Deposits & Withdrawals,Data,Total,,,296.00
Deposits & Withdrawals,Data,Total Deposits & Withdrawals in USD,,,313.00
Fees,Header,Subtitle,Currency,Date,Description,Amount
Fees,Data,Other Fees,USD,"2026-02-05, 10:04:00",875.00,347.00
Fees,Data,Total,,,,364.00
Dividends,Header,Currency,Date,Description,Amount
Dividends,Data,USD,"2026-02-16, 10:55:00",926.00,398.00
Dividends,Data,USD,"2026-02-17, 11:12:00",943.00,415.00
Dividends,Data,USD,"2026-02-20, 11:29:00",960.00,432.00
Dividends,Data,USD,"2026-02-23, 11:46:00",977.00,449.00
Dividends,Data,USD,"2026-02-26, 12:03:00",994.00,466.00
Dividends,Data,Total,,,483.00
Withholding Tax,Header,Currency,Date,Description,Amount,Code
Withholding Tax,Data,USD,"2026-03-09, 12:54:00",1045.00,517.00,
Withholding Tax,Data,USD,"2026-03-10, 13:11:00",1062.00,534.00,
Withholding Tax,Data,USD,"2026-03-13, 13:28:00",1079.00,551.00,
Withholding Tax,Data,USD,"2026-03-16, 13:45:00",1096.00,568.00,
Withholding Tax,Data,Total,,,585.00,
Interest,Header,Currency,Date,Description,Amount
Interest,Data,USD,"2026-03-25, 14:36:00",1147.00,619.00
Interest,Data,USD,"2026-03-30, 14:53:00",1164.00,636.00
Interest,Data,Total,,,653.00
Change in Dividend Accruals,Header,Asset Category,Currency,Symbol,Date,Ex Date,Pay Date,Quantity,Tax,Fee,Gross Rate,Gross Amount,Net Amount,Code
Change in Dividend Accruals,Data,Starting Dividend Accruals in USD,,,,,,,,,,,1014.00,
Change in Dividend Accruals,Data,Stocks,USD,AVGO,"2026-04-09, 10:01:00","2026-04-09, 10:01:00","2026-04-09, 10:01:00",25,-16.35,-5.35,1331.00,1563.00,1332.00,Po
Change in Dividend Accruals,Data,Stocks,USD,AVGO,"2026-04-13, 10:18:00","2026-04-13, 10:18:00","2026-04-13, 10:18:00",42,-15.35,-4.35,1348.00,1580.00,1349.00,Re
Change in Dividend Accruals,Data,Stocks,USD,BABA,"2026-04-15, 10:35:00","2026-04-15, 10:35:00","2026-04-15, 10:35:00",20,-11.35,-0.35,1326.00,1558.00,1327.00,ADR;Po
Change in Dividend Accruals,Data,Stocks,USD,BABA,"2026-04-20, 10:52:00","2026-04-20, 10:52:00","2026-04-20, 10:52:00",37,-10.35,-17.35,1343.00,1575.00,1344.00,ADR;Re
Change in Dividend Accruals,Data,Stocks,USD,IBKR,"2026-04-21, 11:09:00","2026-04-21, 11:09:00","2026-04-21, 11:09:00",88,-7.35,-14.35,1394.00,1626.00,1395.00,Po
Change in Dividend Accruals,Data,Stocks,USD,IBKR,"2026-04-24, 11:26:00","2026-04-24, 11:26:00","2026-04-24, 11:26:00",15,-6.35,-13.35,1411.00,1643.00,1412.00,Re
Change in Dividend Accruals,Data,Stocks,USD,INTU,"2026-04-27, 11:43:00","2026-04-27, 11:43:00","2026-04-27, 11:43:00",56,-11.35,-0.35,1452.00,1684.00,1453.00,Po
Change in Dividend Accruals,Data,Stocks,USD,INTU,"2026-04-30, 12:00:00","2026-04-30, 12:00:00","2026-04-30, 12:00:00",73,-10.35,-17.35,1469.00,1701.00,1470.00,Re
Change in Dividend Accruals,Data,Stocks,USD,MSFT,"2026-05-04, 12:17:00","2026-05-04, 12:17:00","2026-05-04, 12:17:00",84,-3.35,-10.35,1480.00,1712.00,1481.00,Po
Change in Dividend Accruals,Data,Stocks,USD,MSFT,"2026-05-06, 12:34:00","2026-05-06, 12:34:00","2026-05-06, 12:34:00",11,-2.35,-9.35,1497.00,1729.00,1498.00,Re
Change in Dividend Accruals,Data,Stocks,USD,ORCL,"2026-05-11, 12:51:00","2026-05-11, 12:51:00","2026-05-11, 12:51:00",18,-9.35,-16.35,1504.00,1736.00,1505.00,Po
Change in Dividend Accruals,Data,Stocks,USD,ORCL,"2026-05-12, 13:08:00","2026-05-12, 13:08:00","2026-05-12, 13:08:00",35,-8.35,-15.35,1521.00,1753.00,1522.00,Re
Change in Dividend Accruals,Data,Stocks,USD,ORCL,"2026-05-15, 13:25:00","2026-05-15, 13:25:00","2026-05-15, 13:25:00",52,-7.35,-14.35,1538.00,1770.00,1539.00,Po
Change in Dividend Accruals,Data,Stocks,USD,ORCL,"2026-01-05, 13:42:00","2026-01-05, 13:42:00","2026-01-05, 13:42:00",69,-6.35,-13.35,1555.00,1787.00,1556.00,Re
Change in Dividend Accruals,Data,Total,,,,,,,-7.35,-14.35,,1500.00,1269.00,
Change in Dividend Accruals,Data,Ending Dividend Accruals in USD,,,,,,,,,,,1286.00,
Stock Yield Enhancement Program Securities Lent Activity,Header,Asset Category,Currency,Symbol,Date,Description, ,Transaction ID,Quantity,Collateral Amount
Stock Yield Enhancement Program Securities Lent Activity,Data,Stocks,USD,TEM,"2026-01-19, 14:50:00",New Loan Allocation, ,1926.00,63,2282.00
Stock Yield Enhancement Program Securities Lent Activity,Data,Stocks,USD,TEM,"2026-01-20, 15:07:00",Loan Return Allocation, ,1943.00,80,2299.00
Stock Yield Enhancement Program Securities Lent Activity,Data,Stocks,USD,TEM,"2026-01-23, 15:24:00",New Loan Allocation, ,1960.00,7,2316.00
Stock Yield Enhancement Program Securities Lent Activity,Data,Stocks,USD,TEM,"2026-01-26, 09:41:00",Loan Return Allocation, ,1977.00,24,2333.00
Stock Yield Enhancement Program Securities Lent Activity,Data,Stocks,USD,TEM,"2026-01-29, 09:58:00",New Loan Allocation, ,1994.00,41,2350.00
Stock Yield Enhancement Program Securities Lent Activity,Data,Stocks,USD,TEM,"2026-02-02, 10:15:00",Loan Return Allocation, ,2011.00,58,2367.00
Stock Yield Enhancement Program Securities Lent Activity,Data,Stocks,USD,TEM,"2026-02-04, 10:32:00",New Loan Allocation, ,2028.00,75,2384.00
Stock Yield Enhancement Program Securities Lent Activity,Data,Stocks,USD,TEM,"2026-02-09, 10:49:00",Loan Return Allocation, ,2045.00,92,2401.00
Stock Yield Enhancement Program Securities Lent Activity,Data,Stocks,USD,TEM,"2026-02-10, 11:06:00",New Loan Allocation, ,2062.00,19,2418.00
Stock Yield Enhancement Program Securities Lent Activity,Data,Stocks,USD,TEM,"2026-02-13, 11:23:00",Loan Return Allocation, ,2079.00,36,2435.00
Stock Yield Enhancement Program Securities Lent Activity,Data,Total,,,,,,,,2222.00
Stock Yield Enhancement Program Securities Lent Activity,Notes,1926.00
Stock Yield Enhancement Program Securities Lent Fee Earned Details,Header,Currency,Value Date,Symbol,Start Date,Quantity,Collateral Amount,Market-based Rate (%),SYEP Rate on Customer Collateral (%),SYEP Fee Earned by Customer,Code
Stock Yield Enhancement Program Securities Lent Fee Earned Details,Data,USD,"2026-02-25, 12:31:00",TEM,"2026-02-25, 12:31:00",14,2503.00,2562.00,3909.00,-15.35,Po
Stock Yield Enhancement Program Securities Lent Fee Earned Details,Data,USD,"2026-03-02, 12:48:00",TEM,"2026-03-02, 12:48:00",31,2520.00,2579.00,3926.00,-14.35,Po
Stock Yield Enhancement Program Securities Lent Fee Earned Details,Data,USD,"2026-03-03, 13:05:00",TEM,"2026-03-03, 13:05:00",48,2537.00,2596.00,3943.00,-13.35,Po
Stock Yield Enhancement Program Securities Lent Fee Earned Details,Data,USD,"2026-03-06, 13:22:00",TEM,"2026-03-06, 13:22:00",65,2554.00,2613.00,3960.00,-12.35,Po
Stock Yield Enhancement Program Securities Lent Fee Earned Details,Data,USD,"2026-03-09, 13:39:00",TEM,"2026-03-09, 13:39:00",82,2571.00,2630.00,3977.00,-11.35,Po
Stock Yield Enhancement Program Securities Lent Fee Earned Details,Data,USD,"2026-03-12, 13:56:00",TEM,"2026-03-12, 13:56:00",9,2588.00,2647.00,3994.00,-10.35,Po
Stock Yield Enhancement Program Securities Lent Fee Earned Details,Data,USD,"2026-03-16, 14:13:00",TEM,"2026-03-16, 14:13:00",26,2605.00,2664.00,4011.00,-9.35,Po
Stock Yield Enhancement Program Securities Lent Fee Earned Details,Data,USD,"2026-03-18, 14:30:00",TEM,"2026-03-18, 14:30:00",43,2622.00,2681.00,4028.00,-8.35,Po
Stock Yield Enhancement Program Securities Lent Fee Earned Details,Data,Total,,,,,,,,-11.35,
Financial Instrument Information,Header,Asset Category,Symbol,Description,Conid,Security ID,Underlying,Listing Exch,Multiplier,Type,Code
Financial Instrument Information,Data,Stocks,AVGO,BROADCOM INC,43578421,US11135F1012,AVGO,NASDAQ,1,COMMON,
Financial Instrument Information,Data,Stocks,BABA,ALIBABA GROUP HOLDING-SP ADR,166090175,US01609W1027,BABA,NYSE,1,ADR,
Financial Instrument Information,Data,Stocks,COST,COSTCO WHOLESALE CORP,14798234,US22160K1051,COST,NASDAQ,1,COMMON,
Financial Instrument Information,Data,Stocks,CRCL,CIRCLE INTERNET GROUP INC,821340552,US1725731078,CRCL,NYSE,1,COMMON,
Financial Instrument Information,Data,Stocks,IBKR,INTERACTIVE BROKERS GRO-CL A,43645865,US45841N1072,IBKR,NASDAQ,1,COMMON,
Financial Instrument Information,Data,Stocks,INTU,INTUIT INC,27412391,US4612021034,INTU,NASDAQ,1,COMMON,
Financial Instrument Information,Data,Stocks,MSFT,MICROSOFT CORP,272093,US5949181045,MSFT,NASDAQ,1,COMMON,
Financial Instrument Information,Data,Stocks,NFLX,NETFLIX INC,15124833,US64110L1061,NFLX,NASDAQ,1,COMMON,
Financial Instrument Information,Data,Stocks,NVDA,NVIDIA CORP,4815747,US67066G1040,NVDA,NASDAQ,1,COMMON,
Financial Instrument Information,Data,Stocks,ORCL,ORACLE CORP,265598,US68389X1054,ORCL,NYSE,1,COMMON,
Financial Instrument Information,Data,Stocks,SGOV,ISHARES 0-3 MONTH TREASURY B,481432950,US46436E7186,SGOV,ARCA,1,ETF,
Financial Instrument Information,Data,Stocks,TEM,TEMPUS AI INC-CL A,765492331,US88024B1035,TEM,NASDAQ,1,COMMON,
Financial Instrument Information,Data,Stocks,UBER,UBER TECHNOLOGIES INC,436752383,US90353T1007,UBER,NYSE,1,COMMON,
Codes,Header,Code,Meaning,Code (Cont.),Meaning (Cont.)
Codes,Data,A,Assignment
Codes,Data,ADR,ADR Fee Accrual
Codes,Data,AEx,Automatic exercise for dividend-related recommendation.
Codes,Data,AFx,AutoFX conversion resulting from trading
Codes,Data,Adj,Adjustment
Codes,Data,Al,Allocation
Codes,Data,Aw,Away Trade
Codes,Data,B,Automatic Buy-in
Codes,Data,Bo,Direct Borrow
Codes,Data,C,Closing Trade
Codes,Data,CD,Cash Delivery
Codes,Data,CP,Complex Position
Codes,Data,Ca,Cancelled
Codes,Data,Co,Corrected Trade
Codes,Data,Cx,Part or all of this transaction was a Crossing executed as dual agent by IB for two IB customers
Codes,Data,DT,Discounted Trade
Codes,Data,De,Delivery or Conversion Action
Codes,Data,ETF,ETF Creation/Redemption
Codes,Data,Ep,Resulted from an Expired Position
Codes,Data,Ex,Exercise
Codes,Data,FP,The fractional portion of this trade was executed against IB or an affiliate.
Codes,Data,FPA,The fractional portion of this trade was executed against IB or an affiliate. IB acted as agent for the whole share portion of this trade.
Codes,Data,G,Trade in Guaranteed Account Segment
Codes,Data,GEA,Exercise or Assignment resulting from offsetting positions
Codes,Data,HC,Highest Cost tax basis election
Codes,Data,HFI,Investment Transferred to Hedge Fund
Codes,Data,HFR,Redemption from Hedge Fund
Codes,Data,I,Internal Transfer
Codes,Data,IA,The transaction was executed against IB or an affiliate
Codes,Data,IM,A portion of the order was executed against IB or an affiliate; IB acted as agent on a portion.
Codes,Data,INV,Investment Transfer from Investor
Codes,Data,IPO,This transaction was executed as part of an IPO in which IB was a member of the selling group and is classified as a Principal trade.
Codes,Data,L,Ordered by IB (Margin Violation)
Codes,Data,LD,Adjusted by Loss Disallowed from Wash Sale
Codes,Data,LF,Liquidation of fractional position by IB
Codes,Data,LI,"Last In, First Out (LIFO) tax basis election"
Codes,Data,LT,Long Term P/L
Codes,Data,Lo,Direct Loan
Codes,Data,M,Entered manually by IB
Codes,Data,MEx,Manual exercise for dividend-related recommendation.
Codes,Data,ML,Maximize Losses tax basis election
Codes,Data,MLG,Maximize Long Term Gain tax basis election
Codes,Data,MLL,Maximize Long Term Loss tax basis election
Codes,Data,MSG,Maximize Short Term Gain tax basis election
Codes,Data,MSL,Maximize Short Term Loss tax basis election
Codes,Data,O,Opening Trade
Codes,Data,Off,2479.00
Codes,Data,P,Partial Execution
Codes,Data,PE,Perpetual Investment
Codes,Data,PI,Price Improvement
Codes,Data,PTA,Post Trade Allocation
Codes,Data,Po,Interest or Dividend Accrual Posting
Codes,Data,Pr,Part or all of this transaction was executed by the Exchange as a Crossing by IB against an IB affiliate and is therefore classified as a Principal and not an agency trade
Codes,Data,R,Dividend Reinvestment
Codes,Data,RED,Redemption to Investor
Codes,Data,RI,Recurring Investment
Codes,Data,RP,"IB acted as agent for the fractional share portion of this trade, which was executed by an IB affiliate as riskless principal."
Codes,Data,RPA,IB acted as agent for both the fractional share portion and the whole share portion of this trade; the fractional share portion was executed by an IB Affiliate as riskless principal.
Codes,Data,Rb,Rebill
Codes,Data,Re,Interest or Dividend Accrual Reversal
Codes,Data,Ri,Reimbursement
Codes,Data,2410.00,Contract settled to zero value
Codes,Data,2427.00,2751.00
Codes,Data,SF,2768.00
Codes,Data,SI,This order was solicited by Interactive Brokers
Codes,Data,SL,Specific Lot tax basis election
Codes,Data,SO,This order was marked as solicited by your Introducing Broker
Codes,Data,SS,Customer designated this trade for shortened settlement and so is subject to execution at prices above the prevailing market
Codes,Data,ST,Short Term P/L
Codes,Data,T,Transfer
Codes,Data,Un,Unvested shares from stock grant
Codes,Data,XCH,Mutual Fund Exchange Transaction
Notes/Legal Notes,Header,Type,Note
Notes/Legal Notes,Data,Notes,2641.00
Notes/Legal Notes,Data,Notes,Initial and maintenance margin requirements are available within the Account Window of the Trader Workstation.
Notes/Legal Notes,Data,Notes,2675.00
Notes/Legal Notes,Data,Notes,"Quantities preceded by a ""-"" sign indicate sell transactions. Other transactions are purchases. "
Notes/Legal Notes,Data,Notes,"IB acts as agent in executing the fractional share portion of your order. In certain circumstances, IB routes the fractional portion of your order to an affiliate, which may execute the fractional portion of the order as principal. In such circumstances, this is indicated by the codes associated with the trade. If an IB affiliate acts as principal in executing any fractional share portion of your order, the order will be executed at the price displayed for the opposite side of the NBBO from your order (the offer if you are buying and the bid if you are selling) at the time of execution. If an IB affiliate is acting as riskless principal in connection with filling the fractional share portion of your order, the affiliate will execute the fractional share portion of your order at the price it receives for the execution of the whole share."
Notes/Legal Notes,Data,Notes,"In case of partial executions, commissions are charged on the total quantity executed on the original order. The commission is displayed on the first partial execution only."
Notes/Legal Notes,Data,Notes,Trade execution times are displayed in Eastern Time.
Notes/Legal Notes,Data,Notes,Applicable regulatory fees for your transactions are available on the IB website at www.interactivebrokers.com/en/accounts/fees/exchangeAndRegulatoryFees.php.
Notes/Legal Notes,Data,Notes,"Borrow Fee Rate represents the cost to borrow stock expressed in percent per annum. It is applied to the collateral value on the stock borrow contract and is separate from any interest earned on credit cash balances. Similarly, Loan Fee Rate represents the benefit to lend stock. A positive rate indicates a cost to the borrower/benefit to the lender and a negative rate indicates a benefit to the borrower/cost to the lender. In general, the fee rates for hard-to-borrow stocks are higher than for normal availability stocks."
Notes/Legal Notes,Data,Notes,Interest Rate on Customer Collateral represents the interest paid on the collateral posted to the customer's account and received from lending stock.  A positive rate indicates a benefit to the lender.
Notes/Legal Notes,Data,Notes,"The closing prices on this Activity Statement are indicative and may come from third-party sources. Interactive Brokers does not warrant the accuracy of the prices provided by third-party sources. Due to time zone differences, certain non-US mutual funds may deliver closing prices after the Activity Statement has been produced and the closing prices for such funds will reflect the previous day's price."
Notes/Legal Notes,Data,Notes,All Market Data and Research services are provided through Global Financial Information Services (GmbH).
Notes/Legal Notes,Data,Notes,"Market data is provided by Global Financial Information Services (GmbH). Your local broker collects amounts owed for fees and tax for such data on behalf of Global Financial Information Services (GmbH). Note, you are responsible for any applicable taxes relating to the provision of these services."
Notes/Legal Notes,Data,Notes,RUS denotes Ruble balances that have been restricted by Russian authorities.
Notes/Legal Notes,Data,Mutual Fund Notes,"All purchase and sales of mutual funds are calculated against the published NAV (Net Asset Value) of the underlying fund and is displayed on this confirmation as the ""C. Price"" (Closing Price). Due to any fees charged by a fund and/or any share rounding, the net price you pay may vary from the published NAV and is shown on this confirmation as the ""T. Price"" (Trade Price)."
Notes/Legal Notes,Data,Fixed Income Notes,"Call features for bonds or preferred stocks may affect the yield. For zero coupon, compound interest and multiplier securities, there are no periodic payments and securities may be callable below maturity value without notice to holder unless registered. For asset-backed securities, the actual yield may vary depending on the speed at which the underlying note is pre-paid. For additional information regarding bond yield, please contact the IB Help Desk at: ibkr.com/help. If this debt security is unrated by a nationally recognized statistical rating organization, it may pose a high risk of default. You should consult an independent advisor to determine whether unrated bonds are appropriate for your portfolio in light of your goals and your financial circumstances. Fees charged by bond trading centers are included in the cost of bond transactions."
Notes/Legal Notes,Data,Legal Notes,2913.00
Notes/Legal Notes,Data,Legal Notes,2930.00
Notes/Legal Notes,Data,Legal Notes,"IB acts as agent or riskless principal in foreign currency exchange transactions and as riskless principal in spot precious metals transactions.  Such transactions are executed against an IB affiliate or a third party, which acts as principal in such transactions and may have a long or short position and may have profited or lost in connection with the transaction.  Foreign currency exchange and spot precious metals transactions executed by Customer through IB are not regulated or overseen by the SEC or the CFTC."
Notes/Legal Notes,Data,Legal Notes,"IB accepts liquidity rebates or other order flow payments from Alternative Trading Systems, market makers and exchanges for certain orders in stocks. IB receives payment for some option orders pursuant to exchange-mandated marketing fee programs or other arrangements. The source and nature of any compensation received by IB in connection with any transaction is available upon written request of the customer. For further information, check the IB website and the Order Routing and Payment for Order Flow Disclosure provided when you opened your account and annually or visit ibkr.com/help.  "
Notes/Legal Notes,Data,Legal Notes,"For security futures trades, if not already indicated on this statement, information about the time of any transaction, the identity of the counterparty to the transaction, and whether IB is acting as agent or principal, as agent for the counterparty, as agent for both parties to the contract, or as principal, and if acting as principal, whether the transaction was a block transaction or an exchange for physicals transaction, will be available upon written request of the customer."
Notes/Legal Notes,Data,Legal Notes,Customer is requested to promptly advise Interactive Brokers of any material change in Customers investment objectives.
Notes/Legal Notes,Data,Legal Notes,"A financial statement of Interactive Brokers LLC is available for your personal inspection at www.interactivebrokers.com or at its offices, or a copy of it will be mailed upon your written request."
Notes/Legal Notes,Data,Legal Notes,3032.00
Notes/Legal Notes,Data,Legal Notes,"For All Options Trades Executed on the Stock Exchange of Hong Kong (""SEHK""): (a) Options can involve a high degree of risk and may not be suitable for every investor. Investors should ensure they understand those risks before participating in the options market. (b) All options contracts executed on the SEHK were executed by Interactive Brokers Hong Kong Limited on behalf of Interactive Brokers LLC. (c) In the event of a default committed by Interactive Brokers LLC resulting in the client suffering any pecuniary loss, the client shall have a right to claim under the Investor Compensation Fund established under the Hong Kong Securities and Futures Ordinance, subject to the terms of the Investor Compensation Fund from time to time. (d) All Exchange Traded Options Business made for or on behalf of a client shall be subject to the relevant provisions of the constitution, Rules of The Stock Exchange of Hong Kong Limited (""SEHK Rules""), regulations, the Articles, customs and usages of SEHK, the Options Trading Rules, the Clearing Rules of SEOCH, the CCASS Rules and the laws of Hong Kong, which shall be binding on both Interactive Brokers LLC and the client."
Notes/Legal Notes,Data,Legal Notes,"Interactive Brokers LLC is a SIPC member. Deposits held away from Interactive Brokers LLC may not qualify under SIPC protection. Also, futures and options on futures are not covered by SIPC."
Notes/Legal Notes,Data,,Interactive Brokers LLC is a SIPC Member
